fname,mname,lname,email,bday,username,passwd
Jarred,,Herrington,jaherrington@outlook.com,1940-09-11,marquisette,y5=3]N-
Keyshawn,Deondre,Corcoran,kcorcoran@outlook.com,1942-04-15,roustabout,yk0-VzG
Blair,Elvis,Ruiz,blaruiz@yahoo.com,1947-04-09,metameric,tI60r+!
Maricela,Alexus,Seymour,maseymour@google.com,1947-08-13,rasmus2god,L+B&n18
Jarrett,Kai,Willett,jwillett@google.com,1947-10-29,cromlech,S7m)9+M
Jorden,,Boudreau,jboudreau@hotmail.com,1947-12-31,hodgepodge,a=K5U0M
Adan,,Ontiveros,aontiveros@outlook.com,1956-10-10,durometer,A*hmS9g
Cara,,Brumfield,carbrumfield@yahoo.com,1957-01-09,eructation,w_!W[6S
Johnathan,Jesse,Rollins,johrollins@google.com,1957-08-28,eutrapely,aj'!L1j
Ryland,,Sowers,rsowers@outlook.com,1960-01-13,mellifluous,bHeB7&6
Priscila,Alissa,Bethea,prbethea@google.com,1960-05-11,weirdward,M2&>Nu&
Jacklyn,,Lenz,jaclenz@hotmail.com,1969-02-12,hoipolloi,A1>e?R]
Debra,Annaliese,Henning,dhenning@protonmail.com,1977-09-14,inurbanity,Hvf#e1s
Emmalee,Kiara,Lewis,emlewis@yahoo.com,1977-10-05,svengali,VA[7d'O
Troy,,Galindo,trgalindo@hotmail.com,1982-03-10,aurulent,t){5PYm
Holland,Shantel,Garay,hogaray@yahoo.com,1987-11-11,contraband,cKSX!5e
Solomon,,Marquardt,somarquardt@protonmail.com,1988-08-24,affreux,of5Y+vb
Michael,,Salmon,misalmon@google.com,1990-07-04,webinar,Zj5)O%x
Bryon,,Reiter,brreiter@google.com,1993-09-08,cocopergo,G1>im}r
Yadira,,Beckett,yabeckett@google.com,1993-09-22,xxbluekjetsam,qq_Q2*v
Elana,,Carmona,elcarmona@google.com,1999-02-17,inviscate,Z]k6$K?
Kathryn,Marcella,Gresham,kgresham@google.com,1999-03-31,scofflaw,M*z$C4Y
Sunny,Savannah,Ostrander,sunostrander@protonmail.com,1999-04-14,aduncate,D+6&xyu
Lee,,Ladd,leeladd@outlook.com,2002-09-04,cantankerous,Mv!Jv2Z
Ashly,Billie,Laird,alaird@yahoo.com,2003-12-24,stigmatic,iN%0N9n
Mariela,,Koenig,mkoenig@yahoo.com,1942-06-17,hothead,Rp50f#|
Jamie,Rodney,Headley,jaheadley@hotmail.com,1947-12-10,subduct,U[|1k'k
Branson,Marcel,Richard,brichard@yahoo.com,1957-09-18,buckaroo,P1@{g6_
Jaylan,Antonio,Talbert,jatalbert@protonmail.com,1959-06-10,vitellary,yx?1Px_
Chaim,,Guest,chaguest@outlook.com,1963-10-02,umpteen,sU4]_AA
Marcellus,Orion,Biggs,mbiggs@protonmail.com,1966-05-11,arcuatdiable,Cxo}7C8
Donovan,Nathanial,Curry,doncurry@google.com,1971-04-07,filibuster,y5M_j{0
Kristian,Saucedo,,krnan@yahoo.com,1972-05-03,dickfarsley,Ai63I_r
Herman,,Laird,hlaird@yahoo.com,1972-08-30,sfevansquack,oA=a3#&
Amiah,,Levine,amlevine@yahoo.com,1978-09-06,homiliary,Dp{9o[W
Margo,,Rust,marrust@hotmail.com,1981-10-21,roundabout,b9C<(5{
Harper,Amirah,Prieto,harprieto@hotmail.com,1984-05-02,nickelodeon,Y3%e7{*
Kameryn,Mira,Tamayo,katamayo@hotmail.com,1988-10-26,curlicue,a!84D}H
Janell,Alora,Olsen,jaolsen@google.com,1989-01-18,wtgshadowsmulley,Yc}&0mk
Kian,Davon,Stuart,kiastuart@yahoo.com,1989-03-15,gallimaufry,B%8mGHa
Cruz,,Lackey,crulackey@protonmail.com,1989-11-22,belonoid,g'9xT4J
Rashawn,,Pickens,rapickens@google.com,1995-07-19,crescendo,Zle5$zu
Niko,Arron,Tipton,ntipton@yahoo.com,1996-03-27,bortna123,n3+I-(*
Jean,Reuben,Sweat,jeasweat@google.com,1996-05-29,folderol,R@bm3lM
Lourdes,Cheryl,Ricci,louricci@protonmail.com,1996-09-18,choller,T5%tjQ(
Izabella,Hillary,Acker,iacker@hotmail.com,1997-01-29,blogosphere,SflZ%4g
Tammy,Camryn,Warner,tamwarner@hotmail.com,1998-06-03,samajni1700,S|2d@ZG
Averi,,Li,aveli@protonmail.com,2000-09-27,flophouse,bU{%0d%
Amia,,Burney,aburney@google.com,2001-08-15,gypsography,K|3S]tm
Reina,,Ricketts,reiricketts@google.com,2007-05-16,cuirass,B*m5)Bh
